striker,runsin2021,runsin2022,runsin2023,runsin2024,ballsfacedin2021,ballsfacedin2022,ballsfacedin2023,ballsfacedin2024,wicketsin2021,wicketsin2022,wicketsin2023,wicketsin2024,ballsbowledin2021,ballsbowledin2022,ballsbowledin2023,ballsbowledin2024,givenin2021,givenin2022,givenin2023,givenin2024,totalrunsscored,totalballsfaced,totalwickets,totalballsbowled,totalrunsgiven,batting_strike_rate,oversbowled_clean,economyrate
A Badoni,0,161,238,235,0,139,186,180,0,2,0,0,0,12,1,12,0,13,0,25,634,505,2,25,38,125.54,4.1,9.27
A Kamboj,0,0,0,2,0,0,0,2,0,0,0,2,0,0,0,68,0,0,0,124,2,2,2,68,124,100,11.2,11.07
A Manohar,0,108,114,9,0,79,86,16,0,0,0,0,0,0,0,0,0,0,0,0,231,181,0,0,0,127.62,0,0
A Mishra,0,0,19,0,0,0,30,0,6,0,7,1,66,0,115,12,82,0,154,20,19,30,14,193,256,63.33,32.1,7.98
A Nortje,0,1,37,4,0,7,29,9,12,9,10,7,187,143,251,140,222,230,387,310,42,45,38,721,1149,93.33,120.1,9.57
A Raghuvanshi,0,0,0,163,0,0,0,109,0,0,0,0,0,0,0,0,0,0,0,0,163,109,0,0,0,149.54,0,0
A Tomar,0,4,0,0,0,8,0,0,0,0,0,0,0,0,0,0,0,0,0,0,4,8,0,0,0,50,0,0
A Zampa,0,0,10,0,0,0,17,0,0,0,8,0,0,0,133,0,0,0,192,0,10,17,8,133,192,58.82,22.1,8.69
AA Kulkarni,0,0,0,9,0,0,0,8,0,0,0,0,0,0,0,0,0,0,0,0,9,8,0,0,0,112.5,0,0
AB de Villiers,264,0,0,0,183,0,0,0,0,0,0,0,0,0,0,0,0,0,0,0,264,183,0,0,0,144.26,0,0
AD Russell,169,335,227,222,106,200,162,141,5,17,7,19,90,176,99,188,149,297,182,325,953,609,48,553,953,156.49,92.1,10.35
AF Milne,16,0,0,0,19,0,0,0,3,0,0,0,87,15,0,0,142,19,0,0,16,19,3,102,161,84.21,17,9.47
AJ Finch,0,86,0,0,0,70,0,0,0,0,0,0,0,0,0,0,0,0,0,0,86,70,0,0,0,122.86,0,0
AJ Hosein,0,0,16,0,0,0,11,0,0,0,1,0,0,0,24,0,0,0,42,0,16,11,1,24,42,145.45,4,10.5
AJ Turner,0,0,0,21,0,0,0,20,0,0,0,0,0,0,0,0,0,0,0,0,21,20,0,0,0,105,0,0
AK Markram,146,381,248,220,123,277,200,187,0,1,1,0,25,36,49,13,24,64,72,16,995,787,2,123,176,126.43,20.3,8.67
AM Rahane,0,133,326,242,0,131,193,200,0,0,0,0,0,0,0,0,0,0,0,0,701,524,0,0,0,133.78,0,0
AR Patel,40,182,283,235,52,122,216,183,15,6,11,11,279,261,288,265,313,329,360,344,740,573,43,1093,1346,129.14,182.1,7.39
AS Joseph,0,5,7,0,0,7,12,0,0,7,7,1,0,185,150,64,0,280,233,138,12,19,15,399,651,63.16,66.3,9.82
AS Roy,0,0,23,3,0,2,19,3,0,1,3,0,0,42,51,34,0,55,68,60,26,24,4,127,183,108.33,21.1,8.67
AT Rayudu,234,274,158,0,158,230,115,0,0,0,0,0,0,0,0,0,0,0,0,0,666,503,0,0,0,132.41,0,0
AU Rashid,0,0,22,0,0,0,17,0,0,0,2,0,18,0,42,0,35,0,56,0,22,17,2,60,91,129.41,10,9.1
Abdul Basith,0,0,1,0,0,0,1,0,0,0,0,0,0,0,0,0,0,0,0,0,1,1,0,0,0,100,0,0
Abdul Samad,92,4,169,182,79,7,131,113,1,0,0,0,6,6,0,0,9,8,0,0,447,330,1,12,17,135.45,2,8.5
Abhishek Sharma,98,426,226,484,78,329,166,248,4,0,2,2,63,24,75,42,71,40,133,51,1234,821,8,204,295,150.3,34,8.68
Abishek Porel,0,0,33,327,0,0,31,213,0,0,0,0,0,0,0,0,0,0,0,0,360,244,0,0,0,147.54,0,0
Akash Deep,0,0,17,2,0,2,8,2,0,5,1,1,0,119,33,23,0,213,70,57,19,12,7,175,340,158.33,29.1,11.68
Akash Madhwal,0,0,0,4,0,0,0,5,0,0,14,5,0,0,160,119,0,0,232,223,4,5,19,279,455,80,46.3,9.83
Aman Hakim Khan,0,5,110,0,0,3,106,0,0,0,0,0,0,0,0,0,0,0,0,0,115,109,0,0,0,105.5,0,0
Anmolpreet Singh,16,13,105,5,14,13,83,7,0,0,0,0,0,0,0,0,0,0,0,0,139,117,0,0,0,118.8,0,0
Anuj Rawat,0,129,91,98,1,123,72,80,0,0,0,0,0,0,0,0,0,0,0,0,318,276,0,0,0,115.22,0,0
Arjun Tendulkar,0,0,13,0,0,0,9,0,0,0,3,0,0,0,68,15,0,0,107,23,13,9,3,83,130,144.44,13.5,9.63
Arshad Khan,0,0,18,78,0,0,15,52,0,0,5,1,0,0,97,56,0,0,208,98,96,67,6,153,306,143.28,25.3,12.09
Arshad Khan (2),0,0,0,5,0,0,0,4,0,0,0,0,0,0,0,0,0,0,0,0,5,4,0,0,0,125,0,0
Arshdeep Singh,2,21,2,4,3,30,2,4,15,10,17,19,239,317,324,326,334,440,520,547,29,39,61,1206,1841,74.36,201,9.16
Ashutosh Sharma,0,0,0,189,0,0,0,118,0,0,0,0,0,0,0,0,0,0,0,0,189,118,0,0,0,160.17,0,0
Atharva Taide,0,0,186,61,0,0,136,41,0,0,0,0,0,0,0,0,0,0,0,0,247,177,0,0,0,139.55,0,0
Avesh Khan,5,22,0,10,3,13,1,5,19,18,8,19,334,300,176,346,442,448,297,558,37,22,64,1156,1745,168.18,192.4,9.07
Azmatullah Omarzai,0,0,0,42,0,0,0,34,0,0,0,4,0,0,0,131,0,0,0,207,42,34,4,131,207,123.53,21.5,9.63
B Indrajith,0,21,0,0,0,31,0,0,0,0,0,0,0,0,0,0,0,0,0,0,21,31,0,0,0,67.74,0,0
B Kumar,32,24,42,23,30,28,49,30,4,12,16,11,209,330,319,357,267,430,456,592,121,137,43,1215,1745,88.32,202.3,8.63
B Sai Sudharsan,0,145,362,527,0,118,264,388,0,0,0,0,0,0,0,0,0,0,0,0,1034,770,0,0,0,134.29,0,0
BA Stokes,0,0,15,0,0,0,15,0,0,0,0,0,0,0,0,0,0,0,0,0,15,15,0,0,0,100,0,0
BR Sharath,0,0,0,2,0,0,0,5,0,0,0,0,0,0,0,0,0,0,0,0,2,5,0,0,0,40,0,0
C Green,0,0,452,255,0,0,287,185,0,0,6,10,0,0,239,223,0,0,397,319,707,472,16,462,716,149.79,77,9.3
C Sakariya,16,0,4,0,25,0,6,0,11,3,3,0,285,71,55,0,400,96,96,0,20,31,17,411,592,64.52,68.3,8.67
CH Gayle,153,0,0,0,131,0,0,0,0,0,0,0,0,0,0,0,0,0,0,0,153,131,0,0,0,116.79,0,0
CH Morris,29,0,0,0,31,0,0,0,12,0,0,0,218,0,0,0,365,0,0,0,29,31,12,218,365,93.55,36.2,10.08
CJ Jordan,32,11,6,0,21,9,13,0,4,2,3,0,74,80,140,0,112,140,254,0,49,43,9,294,506,113.95,49,10.33
CV Varun,2,12,1,0,4,18,11,0,17,6,20,21,367,245,323,309,404,355,473,429,15,33,64,1244,1661,45.45,207.2,8.02
D Brevis,0,161,0,69,0,116,0,60,0,1,0,0,0,3,0,0,0,8,0,0,230,176,1,3,8,130.68,0.3,26.67
D Ferreira,0,0,0,8,0,0,0,11,0,0,0,0,0,0,0,0,0,0,0,0,8,11,0,0,0,72.73,0,0
D Padikkal,400,376,261,38,327,317,206,60,0,0,0,0,0,0,0,0,0,0,0,0,1075,910,0,0,0,118.13,0,0
D Pretorius,0,44,0,0,0,28,0,0,0,6,0,0,0,138,28,0,0,228,34,0,44,28,6,166,262,157.14,27.4,9.56
D Wiese,0,0,21,0,0,0,11,0,0,0,0,0,0,0,0,0,0,0,0,0,21,11,0,0,0,190.91,0,0
DA Miller,62,481,259,210,72,348,184,149,0,0,0,0,0,0,0,0,0,0,0,0,1012,753,0,0,0,134.4,0,0
DA Warner,138,432,516,168,145,301,406,130,0,0,0,0,0,0,0,0,0,0,0,0,1254,982,0,0,0,127.7,0,0
DG Nalkande,0,0,0,12,0,0,1,11,0,2,1,3,0,33,25,31,0,61,47,49,12,12,6,89,157,100,14.5,10.83
DJ Bravo,47,23,0,0,22,26,0,0,13,16,0,0,196,229,0,0,256,330,0,0,70,48,29,425,586,145.83,70.5,8.31
DJ Hooda,96,451,84,145,97,340,93,107,2,1,0,0,96,24,6,19,136,43,8,23,776,637,3,145,210,121.82,24.1,8.71
DJ Malan,26,0,0,0,26,0,0,0,0,0,0,0,0,0,0,0,0,0,0,0,26,26,0,0,0,100,0,0
DJ Mitchell,0,33,0,318,0,46,0,228,0,0,0,1,0,13,0,38,0,28,0,72,351,274,1,51,100,128.1,8.3,12.05
DJ Willey,0,18,35,0,0,32,32,0,0,1,3,0,0,66,94,0,0,78,111,0,53,64,4,160,189,82.81,26.4,7.16
DL Chahar,1,0,1,0,1,0,2,0,14,0,13,5,315,0,215,146,434,0,318,207,2,3,32,676,959,66.67,112.4,8.53
DP Conway,0,252,672,0,0,176,493,0,0,0,0,0,0,0,0,0,0,0,0,0,924,669,0,0,0,138.12,0,0
DR Sams,6,38,0,0,6,40,0,0,1,13,0,0,38,274,0,0,41,407,0,0,44,46,14,312,448,95.65,52,8.62
DT Christian,12,0,0,0,19,0,0,0,4,0,0,0,85,0,0,0,132,0,0,0,12,19,4,85,132,63.16,14.1,9.36
Dhruv Jurel,0,0,152,195,0,0,93,144,0,0,0,0,0,0,0,0,0,0,0,0,347,237,0,0,0,146.41,0,0
E Lewis,151,73,0,0,96,60,0,0,0,0,0,0,0,0,0,0,0,0,0,0,224,156,0,0,0,143.59,0,0
EJG Morgan,124,0,0,0,132,0,0,0,0,0,0,0,0,0,0,0,0,0,0,0,124,132,0,0,0,93.94,0,0
F du Plessis,621,468,730,438,458,377,483,276,0,0,0,0,0,0,0,0,0,0,0,0,2257,1594,0,0,0,141.59,0,0
FA Allen,6,8,0,0,12,7,0,0,1,1,0,0,67,24,0,0,91,46,0,0,14,19,2,91,137,73.68,15.1,9.07
Fazalhaq Farooqi,0,2,1,0,0,8,5,0,0,2,4,0,0,76,86,0,0,114,127,0,3,13,6,162,241,23.08,27,8.93
G Coetzee,0,0,0,14,0,0,0,22,0,0,0,13,0,0,0,216,0,0,0,396,14,22,13,216,396,63.64,36,11
GD Phillips,26,0,39,0,33,0,22,0,1,0,1,0,13,0,18,0,21,0,20,0,65,55,2,31,41,118.18,5.1,8.04
GHS Garton,2,0,0,0,4,0,0,0,3,0,0,0,97,0,0,0,144,0,0,0,2,4,3,97,144,50,16.1,8.94
GJ Maxwell,415,301,400,52,298,184,225,46,3,6,3,6,99,146,64,98,138,169,98,135,1168,753,18,407,540,155.11,67.5,8
Gulbadin Naib,0,0,0,19,0,0,0,15,0,0,0,0,0,0,0,0,0,0,0,0,19,15,0,0,0,126.67,0,0
H Klaasen,0,0,448,479,0,0,262,293,0,0,0,0,0,0,0,0,0,0,0,0,927,555,0,0,0,167.03,0,0
HC Brook,0,0,190,0,0,0,159,0,0,0,0,0,0,0,0,0,0,0,0,0,190,159,0,0,0,119.5,0,0
HE van der Dussen,0,22,0,0,0,25,0,0,0,0,0,0,0,0,0,0,0,0,0,0,22,25,0,0,0,88,0,0
HH Pandya,99,487,346,216,89,387,254,154,0,8,3,11,0,189,156,226,0,236,260,401,1148,884,22,571,897,129.86,95.1,9.43
HR Shokeen,0,43,23,0,0,48,19,0,0,2,3,0,0,94,119,0,0,137,202,0,66,67,5,213,339,98.51,35.3,9.6
HV Patel,55,43,6,13,45,42,6,19,25,19,14,24,310,338,302,317,431,457,504,520,117,112,82,1267,1912,104.46,211.1,9.06
Harbhajan Singh,2,0,0,0,2,0,0,0,0,0,0,0,0,0,0,0,0,0,0,0,2,2,0,0,0,100,0,0
Harpreet Brar,64,22,52,75,61,25,42,59,5,4,9,7,141,100,166,230,150,155,223,321,213,187,25,637,849,113.9,106.1,8
Harpreet Singh,0,0,76,27,0,0,59,34,0,0,0,0,0,0,0,0,0,0,0,0,103,93,0,0,0,110.75,0,0
Harshit Rana,0,2,0,0,0,2,1,0,0,1,5,19,0,31,108,264,0,54,165,398,2,3,25,403,617,66.67,67.1,9.2
I Sharma,0,0,1,1,0,0,1,8,1,0,10,10,72,0,157,182,99,0,223,291,2,9,21,411,613,22.22,68.3,8.98
Ishan Kishan,212,418,454,320,159,355,325,222,0,0,0,0,0,0,0,0,0,0,0,0,1404,1061,0,0,0,132.33,0,0
J Fraser-McGurk,0,0,0,330,0,0,0,150,0,0,0,0,0,0,0,0,0,0,0,0,330,150,0,0,0,220,0,0
J Suchith,14,2,0,0,6,8,0,0,0,7,0,0,42,115,0,0,66,150,0,0,16,14,7,157,216,114.29,26.1,8.28
J Yadav,34,0,0,0,26,0,0,0,2,0,0,0,106,0,24,0,136,0,26,0,34,26,2,130,162,130.77,21.4,7.57
JA Richardson,15,0,0,2,23,0,0,2,2,0,0,0,37,0,0,25,63,0,0,42,17,25,2,62,105,68,10.2,10.29
JC Archer,0,0,4,0,0,0,4,0,0,0,2,0,0,0,129,0,0,0,227,0,4,4,2,129,227,100,21.3,10.66
JC Buttler,227,863,392,359,153,596,298,266,0,0,0,0,0,0,0,0,0,0,0,0,1841,1313,0,0,0,140.21,0,0
JD Unadkat,30,59,9,24,25,37,7,27,1,6,0,8,110,123,52,200,155,196,100,336,122,96,15,485,787,127.08,80.5,9.78
JDS Neesham,0,31,0,0,2,27,0,0,5,0,0,0,54,18,0,0,70,29,0,0,31,29,5,72,99,106.9,12,8.25
JE Root,0,0,10,0,0,0,15,0,0,0,0,0,0,0,0,0,0,0,0,0,10,15,0,0,0,66.67,0,0
JJ Bumrah,15,0,0,12,14,9,0,12,19,15,0,20,298,327,0,328,395,408,0,367,27,35,54,953,1170,77.14,158.5,7.38
JJ Roy,150,0,285,0,125,0,196,0,0,0,0,0,0,0,0,0,0,0,0,0,435,321,0,0,0,135.51,0,0
JM Bairstow,181,253,0,298,125,180,0,197,0,0,0,0,0,0,0,0,0,0,0,0,732,502,0,0,0,145.82,0,0
JM Sharma,0,234,309,187,0,149,205,147,0,0,0,0,0,0,0,0,0,0,0,0,730,501,0,0,0,145.71,0,0
JO Holder,81,58,12,0,68,46,12,0,13,14,4,0,175,266,176,0,231,424,301,0,151,126,31,617,956,119.84,102.5,9.33
JP Behrendorff,0,0,6,0,0,0,9,0,0,0,14,0,0,0,262,0,0,0,417,0,6,9,14,262,417,66.67,43.4,9.61
JR Hazlewood,0,18,1,0,0,27,2,0,11,20,3,0,215,289,57,0,316,393,79,0,19,29,34,561,788,65.52,93.3,8.45
K Gowtham,0,0,61,0,0,2,44,0,0,5,3,0,0,72,100,13,0,103,122,32,61,46,8,185,257,132.61,30.5,8.43
K Kartikeya,0,3,6,0,0,6,7,0,0,5,5,0,0,78,163,0,0,104,243,0,9,13,10,241,347,69.23,40.1,8.65
K Rabada,4,48,0,20,2,47,2,17,13,23,7,11,322,303,147,262,452,442,263,410,72,68,54,1034,1567,105.88,172.2,9.1
K Yadav,0,0,0,0,4,0,0,0,0,0,2,0,12,0,42,0,18,0,68,0,0,4,2,54,86,0,9,9.56
KA Jamieson,49,0,0,0,42,0,0,0,7,0,0,0,135,0,0,0,221,0,0,0,49,42,7,135,221,116.67,22.3,9.91
KA Maharaj,0,0,0,1,0,0,0,2,0,0,0,2,0,0,0,36,0,0,0,39,1,2,2,36,39,50,6,6.5
KA Pollard,233,144,0,0,163,146,0,0,5,4,0,0,79,87,0,0,89,138,0,0,377,309,9,166,227,122.01,27.4,8.28
KD Karthik,193,330,140,326,151,188,106,195,0,0,0,0,0,0,0,0,0,0,0,0,989,640,0,0,0,154.53,0,0
KH Pandya,121,183,188,133,110,150,172,112,3,10,9,6,161,232,253,205,244,277,328,276,625,544,28,851,1125,114.89,141.5,7.95
KK Ahmed,1,0,0,0,2,2,0,0,5,16,9,17,168,242,212,324,237,322,333,533,1,4,47,946,1425,25,157.4,9.05
KK Nair,0,16,0,0,0,18,0,0,0,0,0,0,0,0,0,0,0,0,0,0,16,18,0,0,0,88.89,0,0
KL Nagarkoti,0,0,0,0,2,0,0,0,0,0,0,0,0,0,0,0,0,0,0,0,0,2,0,0,0,0,0,0
KL Rahul,535,616,274,520,413,472,247,398,0,0,0,0,0,0,0,0,0,0,0,0,1945,1530,0,0,0,127.12,0,0
KM Asif,0,0,0,0,0,0,2,0,1,0,3,0,14,0,91,0,19,0,149,0,0,2,4,105,168,0,17.3,9.71
KM Jadhav,55,0,12,0,55,0,10,0,0,0,0,0,0,0,0,0,0,0,0,0,67,65,0,0,0,103.08,0,0
KR Mayers,0,0,379,0,0,0,276,0,0,0,0,0,0,0,0,0,0,0,0,0,379,276,0,0,0,137.32,0,0
KR Sen,0,0,0,0,0,3,0,0,0,8,0,6,0,157,19,79,0,250,31,139,0,3,14,255,420,0,42.3,9.93
KS Bharat,191,8,0,0,161,7,0,0,0,0,0,0,0,0,0,0,0,0,0,0,199,168,0,0,0,118.45,0,0
KS Sharma,0,4,12,0,0,4,21,0,0,0,0,0,0,0,0,0,0,0,0,0,16,25,0,0,0,64,0,0
KS Williamson,266,216,0,27,247,235,0,27,0,0,0,0,0,0,0,0,0,0,0,0,509,509,0,0,0,100,0,0
KV Sharma,0,0,3,31,0,0,5,16,0,0,10,7,0,0,132,149,0,0,238,263,34,21,17,281,501,161.9,46.5,10.77
Kartik Tyagi,2,7,0,0,4,6,0,0,4,1,1,0,93,54,44,26,137,85,99,55,9,10,6,217,376,90,36.1,10.42
Kuldeep Yadav,0,48,31,47,0,54,50,44,0,21,10,16,0,306,300,267,0,429,377,389,126,148,47,873,1195,85.14,145.3,8.22
Kumar Kushagra,0,0,0,3,0,0,0,7,0,0,0,0,0,0,0,0,0,0,0,0,3,7,0,0,0,42.86,0,0
L Wood,0,0,0,9,0,0,0,3,0,0,0,1,0,0,0,38,0,0,0,97,9,3,1,38,97,300,6.2,15.65
LB Williams,0,0,0,1,0,0,0,2,0,0,0,1,0,0,0,42,0,0,0,87,1,2,1,42,87,50,7,12.43
LH Ferguson,18,5,0,1,13,4,0,1,13,12,1,9,186,298,50,147,234,455,108,268,24,18,35,681,1065,133.33,113.3,9.4
LS Livingstone,42,437,279,111,43,261,175,82,0,6,2,3,0,144,42,75,0,208,94,91,869,561,11,261,393,154.9,43.3,9.08
Lalit Yadav,48,161,66,10,50,152,62,12,4,4,2,0,84,110,82,18,101,156,126,58,285,276,10,294,441,103.26,49,9
Liton Das,0,0,4,0,0,0,4,0,0,0,0,0,0,0,0,0,0,0,0,0,4,4,0,0,0,100,0,0
M Ashwin,15,12,0,0,24,14,0,0,0,9,0,0,37,179,25,0,46,243,54,0,27,38,9,241,343,71.05,40.1,8.55
M Jansen,0,9,39,18,0,7,45,15,0,7,10,1,0,201,178,68,0,295,299,152,66,67,18,447,746,98.51,74.3,10.04
M Markande,0,0,21,0,0,0,14,0,0,1,12,8,18,42,230,142,26,65,303,269,21,14,21,432,663,150,72,9.21
M Prasidh Krishna,0,6,0,0,1,12,0,0,9,19,0,0,201,432,0,0,296,623,0,0,6,13,28,633,919,46.15,105.3,8.73
M Shahrukh Khan,147,117,156,127,114,118,100,77,0,0,0,0,0,0,0,0,0,0,0,0,547,409,0,0,0,133.74,0,0
M Theekshana,0,7,0,0,0,7,0,0,0,12,11,2,0,212,298,121,0,275,415,149,7,7,25,631,839,100,105.1,7.98
M Vohra,21,19,10,0,20,12,11,0,0,0,0,0,0,0,0,0,0,0,0,0,50,43,0,0,0,116.28,0,0
MA Agarwal,427,196,270,64,314,167,219,59,0,0,0,0,0,0,0,0,0,0,0,0,957,759,0,0,0,126.09,0,0
MA Starc,0,0,0,9,0,0,0,11,0,0,0,17,0,0,0,267,0,0,0,486,9,11,17,267,486,81.82,44.3,10.97
MA Wood,0,0,11,0,0,0,5,0,0,0,11,0,0,0,102,0,0,0,160,0,11,5,11,102,160,220,17,9.41
MC Henriques,31,0,0,0,32,0,0,0,4,0,0,0,61,0,0,0,50,0,0,0,31,32,4,61,50,96.88,10.1,4.95
MD Shanaka,0,0,26,0,0,0,26,0,0,0,0,0,0,0,0,0,0,0,0,0,26,26,0,0,0,100,0,0
MG Bracewell,0,0,58,0,0,0,49,0,0,0,6,0,0,0,66,0,0,0,95,0,58,49,6,66,95,118.37,11,8.64
MJ Santner,0,22,2,14,0,30,4,18,0,4,3,2,0,114,72,54,0,140,83,64,38,52,9,240,287,73.08,40,7.18
MJ Suthar,0,0,0,1,0,0,0,2,0,0,0,0,0,0,0,0,0,0,0,0,1,2,0,0,0,50,0,0
MK Lomror,94,86,135,125,76,60,101,74,1,0,0,0,43,12,12,9,48,18,17,21,440,311,1,76,104,141.48,12.4,8.39
MK Pandey,193,88,160,42,159,84,149,33,0,0,0,0,0,0,0,0,0,0,0,0,483,425,0,0,0,113.65,0,0
MM Ali,303,244,124,128,235,183,92,105,6,8,9,2,135,146,157,49,133,163,202,72,799,615,25,487,570,129.92,81.1,7.03
MM Sharma,0,0,0,2,0,0,1,16,0,0,27,13,0,0,268,245,0,0,366,442,2,17,40,513,808,11.76,85.3,9.47
MP Stoinis,75,156,408,388,59,116,281,272,2,4,5,4,50,44,69,87,81,81,106,135,1027,728,15,250,403,141.07,41.4,9.73
MR Marsh,0,251,128,61,0,192,97,41,0,4,12,1,0,76,132,54,0,106,185,109,440,330,17,262,400,133.33,43.4,9.22
MS Dhoni,114,232,104,161,109,198,63,82,0,0,0,0,0,0,0,0,0,0,0,0,611,452,0,0,0,135.18,0,0
MS Wade,0,157,0,4,0,145,0,7,0,0,0,0,0,0,0,0,0,0,0,0,161,152,0,0,0,105.92,0,0
MW Short,0,0,117,0,0,0,99,0,0,0,0,0,0,0,0,0,0,0,0,0,117,99,0,0,0,118.18,0,0
Mandeep Singh,15,18,14,0,14,24,16,0,0,0,0,0,0,0,0,0,0,0,0,0,47,54,0,0,0,87.04,0,0
Mayank Dagar,0,0,0,0,0,0,0,1,0,0,1,1,0,0,66,72,0,0,83,129,0,1,2,138,212,0,23,9.22
Mohammad Nabi,20,0,0,35,9,0,0,31,0,0,0,2,24,0,0,74,54,0,0,111,55,40,2,98,165,137.5,16.2,10.19
Mohammed Shami,13,0,5,0,17,0,8,0,15,20,28,0,285,378,403,0,362,522,561,0,18,25,63,1066,1445,72,177.4,8.15
Mohammed Siraj,20,30,1,12,25,33,2,9,9,9,19,15,271,325,329,350,331,564,449,545,63,69,52,1275,1889,91.3,212.3,8.9
Mohit Rathee,0,0,1,0,0,0,2,0,0,0,0,0,0,0,0,0,0,0,0,0,1,2,0,0,0,50,0,0
Mohsin Khan,0,23,0,2,0,19,7,1,0,14,3,10,0,206,64,237,0,219,119,395,25,27,27,507,733,92.59,84.3,8.7
Mujeeb Ur Rahman,1,0,0,0,1,0,0,0,2,0,0,0,26,0,0,0,33,0,0,0,1,1,2,26,33,100,4.2,7.86
Mukesh Choudhary,0,6,0,0,0,6,0,0,0,16,0,0,0,291,0,7,0,444,0,28,6,6,16,298,472,100,49.4,9.55
Mukesh Kumar,0,0,7,3,0,0,10,10,0,0,7,17,0,0,197,223,0,0,341,400,10,20,24,420,741,50,70,10.59
Mustafizur Rahman,8,3,1,0,14,5,1,0,12,8,1,14,273,199,42,225,400,259,79,349,12,20,35,739,1087,60,123.1,8.83
N Jagadeesan,0,40,89,0,0,40,84,0,0,0,0,0,0,0,0,0,0,0,0,0,129,124,0,0,0,104.03,0,0
N Pooran,85,306,358,499,76,228,217,296,0,0,0,0,0,0,0,0,0,0,0,0,1248,817,0,0,0,152.75,0,0
N Rana,246,361,413,42,221,259,303,35,0,0,3,0,12,12,54,0,12,23,76,0,1062,818,3,78,111,129.83,13,8.54
N Wadhera,0,0,241,109,0,0,171,90,0,0,0,0,0,0,0,0,0,0,0,0,350,261,0,0,0,134.1,0,0
NA Saini,2,0,0,0,5,0,0,0,0,0,0,0,0,0,0,0,0,0,0,0,2,5,0,0,0,40,0,0
NM Coulter-Nile,4,1,0,0,5,2,0,0,7,0,0,0,121,20,0,0,136,52,0,0,5,7,7,141,188,71.43,23.3,8.07
NT Ellis,18,0,1,0,17,2,7,0,1,3,13,1,68,40,233,24,94,63,351,24,19,26,18,365,532,73.08,60.5,8.79
Naman Dhir,0,0,0,140,0,0,0,84,0,0,0,0,0,0,0,0,0,0,0,0,140,84,0,0,0,166.67,0,0
Navdeep Saini,0,2,0,0,0,2,0,0,0,3,3,0,12,39,25,0,27,77,41,0,2,2,6,76,145,100,12.4,11.69
Naveen-ul-Haq,0,0,16,2,0,0,22,4,0,0,11,14,0,0,175,232,0,0,242,391,18,26,25,407,633,69.23,67.5,9.38
Nithish Kumar Reddy,0,0,0,303,0,0,0,221,0,0,0,3,0,0,31,87,0,0,55,163,303,221,3,118,218,137.1,19.4,11.24
Noor Ahmad,0,0,8,5,0,0,9,9,0,0,16,8,0,0,299,214,0,0,397,310,13,18,24,513,707,72.22,85.3,8.29
OC McCoy,0,8,0,0,0,5,0,0,0,11,0,0,0,173,7,0,0,265,14,0,8,5,11,180,279,160,30,9.3
OF Smith,0,51,0,0,0,50,0,0,0,6,0,0,0,95,0,0,0,185,0,0,51,50,6,95,185,102,15.5,11.94
P Dubey,0,0,16,0,0,0,20,0,0,0,1,0,0,0,19,0,0,0,20,0,16,20,1,19,20,80,3.1,6.45
P Simran Singh,19,14,358,334,23,11,245,216,0,0,0,0,0,0,0,0,0,0,0,0,725,495,0,0,0,146.46,0,0
PBB Rajapaksa,0,206,71,0,0,137,64,0,0,0,0,0,0,0,0,0,0,0,0,0,277,201,0,0,0,137.81,0,0
PD Salt,0,0,218,435,0,0,135,250,0,0,0,0,0,0,0,0,0,0,0,0,653,385,0,0,0,169.61,0,0
PJ Cummins,93,63,0,136,59,24,0,99,6,7,0,18,120,127,0,375,194,238,0,586,292,182,31,622,1018,160.44,103.4,9.85
PJ Sangwan,0,2,0,0,0,6,0,0,0,3,0,0,0,56,0,0,0,69,0,0,2,6,3,56,69,33.33,9.2,7.5
PK Garg,72,46,22,0,75,33,23,0,0,0,0,0,0,0,0,0,0,0,0,0,140,131,0,0,0,106.87,0,0
PN Mankad,0,4,93,0,0,1,74,0,0,0,0,0,0,0,0,0,0,0,0,0,97,75,0,0,0,129.33,0,0
PP Chawla,0,0,25,15,2,0,22,15,1,0,22,13,24,0,371,215,38,0,508,321,40,39,36,610,867,102.56,101.4,8.55
PP Shaw,405,283,106,198,265,193,90,125,0,0,0,0,0,0,0,0,0,0,0,0,992,673,0,0,0,147.4,0,0
PVD Chameera,0,43,0,0,0,32,0,0,0,9,0,0,0,278,0,19,0,420,0,51,43,32,9,297,471,134.38,49.3,9.55
PWH de Silva,1,38,33,0,2,48,30,0,0,26,9,0,36,346,175,0,60,453,262,0,72,80,35,557,775,90,92.5,8.38
Q de Kock,295,508,143,250,255,350,103,194,0,0,0,0,0,0,0,0,0,0,0,0,1196,902,0,0,0,132.59,0,0
R Ashwin,37,191,67,86,38,140,55,76,6,12,14,9,236,419,309,346,284,527,388,499,381,309,41,1310,1698,123.3,218.2,7.78
R Dhawan,0,37,20,0,0,41,12,0,0,6,1,0,0,119,42,19,0,177,68,44,57,53,7,180,289,107.55,30,9.63
R Parag,66,183,78,573,67,136,68,407,0,1,0,0,20,26,0,19,51,61,0,28,900,678,1,65,140,132.74,10.5,13.33
R Powell,0,250,7,103,0,174,9,71,0,0,1,0,0,7,14,0,0,18,20,0,360,254,1,21,38,141.73,3.3,11.52
R Ravindra,0,0,0,222,0,0,0,146,0,0,0,0,0,0,0,0,0,0,0,0,222,146,0,0,0,152.05,0,0
R Sai Kishore,0,0,0,13,0,0,0,6,0,6,0,7,0,98,0,93,0,125,0,140,13,6,13,191,265,216.67,31.5,8.41
R Sanjay Yadav,0,0,0,0,0,2,0,0,0,0,0,0,0,0,0,0,0,0,0,0,0,2,0,0,0,0,0,0
R Shepherd,0,58,0,57,0,43,1,24,0,3,0,1,0,57,0,76,0,103,0,170,115,68,4,133,273,169.12,22.1,12.35
R Tewatia,134,217,87,188,129,156,61,139,8,0,0,0,199,36,14,0,299,76,16,0,626,485,8,249,391,129.07,41.3,9.47
RA Bawa,0,11,0,0,0,14,0,0,0,0,0,0,0,0,0,0,0,0,0,0,11,14,0,0,0,78.57,0,0
RA Jadeja,201,116,190,267,153,105,138,191,13,5,20,8,288,203,348,285,338,261,444,376,774,587,46,1124,1419,131.86,187.2,7.58
RA Tripathi,339,413,273,165,251,271,217,121,0,0,0,0,0,0,0,0,0,0,0,0,1190,860,0,0,0,138.37,0,0
RD Chahar,6,77,0,21,8,70,10,15,9,14,8,10,213,290,301,189,255,386,394,284,104,103,41,993,1319,100.97,165.3,7.98
RD Gaikwad,630,368,590,583,465,298,411,425,0,0,0,0,0,0,0,0,0,0,0,0,2171,1599,0,0,0,135.77,0,0
RG Sharma,319,268,332,417,260,234,258,293,0,0,0,0,0,0,0,0,0,0,0,0,1336,1045,0,0,0,127.85,0,0
RJ Gleeson,0,0,0,2,0,0,0,2,0,0,0,1,0,0,0,51,0,0,0,77,2,2,1,51,77,100,8.3,9.28
RJW Topley,0,0,0,3,0,0,0,6,0,0,1,4,0,0,12,95,0,0,14,173,3,6,5,107,187,50,17.5,10.69
RK Bhui,0,0,0,3,0,0,0,9,0,0,0,0,0,0,0,0,0,0,0,0,3,9,0,0,0,33.33,0,0
RK Singh,0,174,474,168,0,125,333,117,0,0,0,0,0,0,0,0,0,0,0,0,816,575,0,0,0,141.91,0,0
RM Patidar,63,333,0,395,56,232,0,237,0,0,0,0,0,0,0,0,0,0,0,0,791,525,0,0,0,150.67,0,0
RP Meredith,0,0,0,0,0,1,2,0,3,8,7,0,73,181,126,0,126,267,220,0,0,3,18,380,613,0,63.2,9.7
RR Pant,353,340,0,446,293,234,0,296,0,0,0,0,0,0,0,0,0,0,0,0,1139,823,0,0,0,138.4,0,0
RR Rossouw,0,0,209,211,0,0,148,122,0,0,0,0,0,0,0,0,0,0,0,0,420,270,0,0,0,155.56,0,0
RV Patel,25,6,49,0,29,3,44,0,0,0,0,0,0,0,0,0,0,0,0,0,80,76,0,0,0,105.26,0,0
RV Uthappa,115,230,0,0,86,181,0,0,0,0,0,0,0,0,0,0,0,0,0,0,345,267,0,0,0,129.21,0,0
Rahmanullah Gurbaz,0,0,227,62,0,0,178,50,0,0,0,0,0,0,0,0,0,0,0,0,289,228,0,0,0,126.75,0,0
Ramandeep Singh,0,45,0,125,0,42,0,64,0,6,0,0,0,41,0,4,0,61,0,9,170,106,6,45,70,160.38,7.3,9.59
Rashid Khan,66,91,130,102,62,44,66,75,14,19,27,10,293,386,407,262,366,442,567,377,389,247,70,1348,1752,157.49,224.4,7.81
Rasikh Salam,0,7,0,28,0,6,0,30,0,0,0,9,0,24,0,156,0,28,0,282,35,36,9,180,310,97.22,30,10.33
Ravi Bishnoi,1,0,20,4,5,1,28,6,12,13,16,10,220,340,312,270,255,484,406,393,25,40,51,1142,1538,62.5,190.2,8.09
S Dhawan,493,460,373,152,412,395,275,125,0,0,0,0,0,0,0,0,0,0,0,0,1478,1207,0,0,0,122.45,0,0
S Dube,205,289,418,396,183,194,277,259,0,0,0,1,25,14,0,6,38,46,0,14,1308,913,1,45,98,143.26,7.3,13.42
S Gopal,7,9,0,0,5,7,0,0,0,1,0,3,24,18,0,42,44,34,0,67,16,12,4,84,145,133.33,14,10.36
S Kaul,8,0,0,0,8,0,0,0,7,0,0,0,181,24,0,0,260,43,0,0,8,8,7,205,303,100,34.1,8.89
SA Abbott,0,7,0,0,0,5,0,0,0,1,0,0,0,27,0,0,0,50,0,0,7,5,1,27,50,140,4.3,11.63
SA Yadav,230,303,605,345,165,210,340,209,0,0,0,0,0,0,0,0,0,0,0,0,1483,924,0,0,0,160.5,0,0
SB Dubey,0,0,0,33,0,0,0,21,0,0,0,0,0,0,0,0,0,0,0,0,33,21,0,0,0,157.14,0,0
SD Hope,0,0,0,183,0,0,0,125,0,0,0,0,0,0,0,0,0,0,0,0,183,125,0,0,0,146.4,0,0
SE Rutherford,0,33,0,0,0,52,0,0,0,0,0,0,0,0,0,0,0,0,0,0,33,52,0,0,0,63.46,0,0
SH Johnson,0,0,0,6,0,0,0,7,0,0,0,4,0,0,0,99,0,0,0,162,6,7,4,99,162,85.71,16.3,9.94
SK Raina,98,0,0,0,87,0,0,0,0,0,0,0,0,0,0,0,0,0,0,0,98,87,0,0,0,112.64,0,0
SM Curran,17,0,276,270,10,0,213,230,9,0,10,16,197,0,299,254,323,0,517,436,563,453,35,750,1276,124.28,125,10.21
SN Khan,0,91,53,0,4,69,62,0,0,0,0,0,0,0,0,0,0,0,0,0,144,135,0,0,0,106.67,0,0
SN Thakur,5,120,113,21,6,90,72,18,19,15,7,5,364,315,132,197,509,527,230,328,259,186,46,1008,1594,139.25,168,9.49
SO Hetmyer,242,314,299,113,153,221,205,72,0,0,0,0,0,0,0,0,0,0,0,0,968,651,0,0,0,148.69,0,0
SP Jackson,0,23,0,0,0,26,0,0,0,0,0,0,0,0,0,0,0,0,0,0,23,26,0,0,0,88.46,0,0
SP Narine,62,71,21,488,51,40,28,292,16,9,11,17,344,342,296,334,385,333,404,389,642,411,53,1316,1511,156.2,219.2,6.89
SPD Smith,152,0,0,0,136,0,0,0,0,0,0,0,0,0,0,0,0,0,0,0,152,136,0,0,0,111.76,0,0
SS Iyer,175,401,0,351,181,310,0,250,0,0,0,0,0,0,0,0,0,0,0,0,927,741,0,0,0,125.1,0,0
SS Prabhudessai,0,67,35,24,0,62,32,19,0,0,0,0,0,0,0,0,0,0,0,0,126,113,0,0,0,111.5,0,0
SS Tiwary,115,0,0,0,99,0,0,0,0,0,0,0,0,0,0,0,0,0,0,0,115,99,0,0,0,116.16,0,0
SV Samson,361,458,362,531,303,321,240,367,0,0,0,0,0,0,0,0,0,0,0,0,1712,1231,0,0,0,139.07,0,0
SW Billings,0,169,0,0,0,143,0,0,0,0,0,0,0,0,0,0,0,0,0,0,169,143,0,0,0,118.18,0,0
SZ Mulani,0,0,0,1,0,0,0,1,0,0,0,0,0,0,0,0,0,0,0,0,1,1,0,0,0,100,0,0
Sachin Baby,7,0,0,0,17,0,0,0,0,0,0,0,0,0,0,0,0,0,0,0,7,17,0,0,0,41.18,0,0
Sameer Rizvi,0,0,0,51,0,0,0,43,0,0,0,0,0,0,0,0,0,0,0,0,51,43,0,0,0,118.6,0,0
Sandeep Sharma,8,0,2,0,7,0,7,0,3,2,10,13,127,126,290,236,174,166,414,325,10,14,28,779,1079,71.43,129.5,8.33
Sanvir Singh,0,0,11,14,0,0,9,13,0,0,0,0,0,0,0,0,0,0,0,0,25,22,0,0,0,113.64,0,0
Saurav Chauhan,0,0,0,18,0,0,0,16,0,0,0,0,0,0,0,0,0,0,0,0,18,16,0,0,0,112.5,0,0
Shahbaz Ahmed,44,219,42,215,42,197,41,173,4,4,1,7,66,220,42,166,71,356,95,285,520,453,16,494,807,114.79,82.2,9.82
Shakib Al Hasan,35,0,0,0,35,0,0,0,2,0,0,0,109,0,0,0,134,0,0,0,35,35,2,109,134,100,18.1,7.4
Shashank Singh,0,69,0,354,0,47,0,225,0,0,0,1,0,13,0,6,0,21,0,5,423,272,1,19,26,155.51,3.1,8.39
Shivam Mavi,25,3,0,0,21,8,0,0,11,5,0,0,204,142,0,0,262,241,0,0,28,29,16,346,503,96.55,57.4,8.76
Shivam Singh,0,0,0,2,0,0,0,3,0,0,0,0,0,0,0,0,0,0,0,0,2,3,0,0,0,66.67,0,0
Shubman Gill,430,483,890,426,378,374,582,295,0,0,0,0,0,0,0,0,0,0,0,0,2229,1629,0,0,0,136.83,0,0
Sikandar Raza,0,0,139,43,0,0,104,39,0,0,3,0,0,0,76,12,0,0,137,22,182,143,3,88,159,127.27,14.4,11.04
Simarjeet Singh,0,7,0,0,0,8,0,0,0,4,0,5,0,113,0,80,0,157,0,131,7,8,9,193,288,87.5,32.1,8.97
Sumit Kumar,0,0,0,18,0,0,0,26,0,0,0,0,0,0,0,0,0,0,0,0,18,26,0,0,0,69.23,0,0
Swapnil Singh,0,0,2,37,0,0,4,22,0,0,0,6,0,0,12,92,0,0,18,135,39,26,6,104,153,150,17.2,8.9
T Kohler-Cadmore,0,0,0,48,0,0,0,54,0,0,0,0,0,0,0,0,0,0,0,0,48,54,0,0,0,88.89,0,0
T Shamsi,2,0,0,0,4,0,0,0,0,0,0,0,0,0,0,0,0,0,0,0,2,4,0,0,0,50,0,0
T Stubbs,0,2,25,378,0,4,31,204,0,0,1,3,0,0,12,13,0,0,14,16,405,239,4,25,30,169.46,4.1,7.32
TA Boult,1,40,16,14,4,30,17,16,10,16,13,16,267,387,235,333,356,529,332,471,71,67,55,1222,1688,105.97,203.4,8.3
TG Southee,3,2,0,0,5,12,0,0,3,14,2,0,74,220,36,0,97,303,79,0,5,17,19,330,479,29.41,55,8.71
TH David,1,186,231,241,3,91,155,168,0,0,0,0,0,0,0,0,0,0,0,0,659,417,0,0,0,158.03,0,0
TK Curran,0,0,0,0,1,0,0,0,3,0,0,0,24,0,0,0,31,0,0,0,0,1,3,24,31,0,4,7.75
TL Seifert,2,24,0,0,5,21,0,0,0,0,0,0,0,0,0,0,0,0,0,0,26,26,0,0,0,100,0,0
TM Head,0,0,0,567,0,0,0,307,0,0,0,0,0,0,0,0,0,0,0,0,567,307,0,0,0,184.69,0,0
TS Mills,0,0,0,0,0,3,0,0,0,6,0,0,0,107,0,0,0,200,0,0,0,3,6,107,200,0,17.5,11.43
TU Deshpande,0,0,0,0,0,0,1,2,0,1,21,17,0,43,368,310,0,72,623,469,0,3,39,721,1164,0,120.1,9.69
Tanush Kotian,0,0,0,24,0,0,0,32,0,0,0,0,0,0,0,0,0,0,0,0,24,32,0,0,0,75,0,0
Tilak Varma,0,397,343,416,0,313,226,291,0,0,0,0,0,0,0,0,0,0,0,0,1156,830,0,0,0,139.28,0,0
UT Yadav,0,55,19,12,0,41,20,15,0,16,1,8,0,297,116,129,0,378,193,215,86,76,25,542,786,113.16,90.2,8.71
Umran Malik,0,4,19,0,0,8,8,0,2,22,5,0,75,313,124,7,99,492,231,16,23,16,29,519,838,143.75,86.3,9.71
V Kohli,339,341,639,741,288,306,473,497,0,0,0,0,0,0,0,0,0,0,0,0,2060,1564,0,0,0,131.71,0,0
V Shankar,44,19,301,83,40,36,199,75,3,0,0,0,66,10,0,0,93,16,0,0,447,350,3,76,109,127.71,12.4,8.79
V Viyaskanth,0,0,0,7,0,0,0,5,0,0,0,1,0,0,0,60,0,0,0,94,7,5,1,60,94,140,10,9.4
VG Arora,0,5,3,1,0,14,2,1,0,3,5,11,0,110,107,201,0,169,164,313,9,17,19,418,646,52.94,69.4,9.31
VR Iyer,370,182,404,370,299,175,288,238,3,0,0,0,54,24,0,6,76,46,0,28,1326,1000,3,84,150,132.6,14,10.71
Vijaykumar Vyshak,0,0,13,1,0,0,10,3,0,0,9,4,0,0,153,90,0,0,262,147,14,13,13,243,409,107.69,40.3,10.15
Virat Singh,15,0,0,0,26,0,0,0,0,0,0,0,0,0,0,0,0,0,0,0,15,26,0,0,0,57.69,0,0
Vishnu Vinod,0,0,37,0,0,0,32,0,0,0,0,0,0,0,0,0,0,0,0,0,37,32,0,0,0,115.62,0,0
Vivrant Sharma,0,0,69,0,0,0,49,0,0,0,0,0,0,0,0,0,0,0,0,0,69,49,0,0,0,140.82,0,0
WD Parnell,0,0,2,0,0,0,6,0,0,0,9,0,0,0,157,0,0,0,244,0,2,6,9,157,244,33.33,26.1,9.35
WG Jacks,0,0,0,230,0,0,0,133,0,0,0,2,0,0,0,55,0,0,0,102,230,133,2,55,102,172.93,9.1,11.21
WP Saha,123,317,371,136,129,266,297,120,0,0,0,0,0,0,0,0,0,0,0,0,947,812,0,0,0,116.63,0,0
Washington Sundar,13,101,60,0,20,76,62,1,2,6,3,1,79,170,106,30,101,242,146,73,174,159,12,385,562,109.43,64.1,8.77
YBK Jaiswal,249,258,625,435,168,198,397,288,0,0,0,0,0,0,0,0,0,0,0,0,1567,1051,0,0,0,149.1,0,0
YS Chahal,10,5,0,0,27,8,0,0,18,27,21,18,274,429,326,362,322,566,445,565,15,35,84,1391,1898,42.86,231.5,8.2
YV Dhull,0,0,16,0,0,0,23,0,0,0,0,0,0,0,0,0,0,0,0,0,16,23,0,0,0,69.57,0,0
Yash Dayal,0,0,0,0,0,1,0,0,0,11,2,15,0,205,88,322,0,309,169,510,0,1,28,615,988,0,102.3,9.66
Yudhvir Singh,0,0,1,21,0,0,2,14,0,0,3,1,0,0,50,24,0,0,82,52,22,16,4,74,134,137.5,12.2,10.98
